Label,Price,Nutshell Product ID,Comments,EZCater Name and Customization,EZCater Customization,Old Item Name,Product Text Archive,Subcategory Text Archive,GC Value Text Archive,EZC Menu Item,Product,Subcategory,Gift Card Amount
Signature Boxed Lunch - Assorted,$10.99 ,15-products,,Signature Sandwich Boxed Lunches - Assorted,Assorted,,Signature Boxed Lunch,Assorted,,,Signature Boxed Lunch,Assorted,
Orange Juice Carafe,$9.99 ,351-products,,,,,,,,Y,Orange Juice Carafe,,
Signature Boxed Lunch - California Veggie Lettuce Wrap,$10.99 ,15-products,,,,,Signature Boxed Lunch,California Veggie Lettuce Wrap,,N,Signature Boxed Lunch,California Veggie Lettuce Wrap,
Bottled Water,$1.99 ,51-products,,,,,,,,Y,Bottled Water,,
Signature Meat Tray - Assorted,$7.39 ,239-products,,,,,,,,Y,,,
Assorted Canned Sodas,$1.59 ,47-products,,,,,,,,Y,,,
Gallon Orange Juice,$9.99 ,351-products,,,,,,,,Y,,,
Coffee Carafe,$19.99 ,39-products,,,,,,,,Y,Coffee Carafe,,
Coffee Carafe - Creamer,$19.99 ,39-products,,,,,,,,Y,,,
Coffee Carafe - Diet Sweeteners,$19.99 ,39-products,,,,,,,,Y,,,
Coffee Carafe - Sugar,$19.99 ,39-products,,,,,,,,Y,,,
Coffee Carafe - Decaf,$19.99 ,39-products,,,,,,,,Y,,,
Coffee Carafe - Regular,$19.99 ,39-products,,,,,,,,Y,,,
Coffee Carafe - Assorted,$19.99 ,39-products,,,,,,,,Y,,,
Ham Salad,$2.99 ,91-products,,,,,,,,Y,Ham Salad,,
Chicken Salad,$2.99 ,95-products,,,,,,,,Y,Chicken Salad,,
Deep River Kettle Chips,$1.99 ,159-products,,,,,,,,Y,,,
Ice,$2.00 ,123-products,,,,,,,,Y,Ice,,
Lettuce Wrap with Gluten-Friendly Brownie Boxed Lunch - Ham Lettuce Wrap (No Cheese),$13.99 ,567-products,,,,,Lettuce Wrap with Gluten-Friendly Brownie Boxed Lunch,Ham Lettuce Wrap (No Cheese),,N,Lettuce Wrap with Gluten-Friendly Brownie Boxed Lunch,Ham Lettuce Wrap (No Cheese),
Assorted Bagel Tray,$1.99 ,63-products,,,,,,,,Y,,,
Lettuce Wrap with Gluten-Friendly Brownie Boxed Lunch - Turkey Bacon Lettuce Wrap (No Cheese/No Ranch),$13.99 ,567-products,,,,,Lettuce Wrap with Gluten-Friendly Brownie Boxed Lunch,Turkey Bacon Lettuce Wrap (No Cheese/No Ranch),,N,Lettuce Wrap with Gluten-Friendly Brownie Boxed Lunch,Turkey Bacon Lettuce Wrap (No Cheese/No Ranch),
Signature Bone-in Ham - Business Gifting - Medium,$84.00 ,3-products,,,,,Signature Bone-in Ham - Business Gifting,Medium,,,Signature Bone-in Ham - Business Gifting,Medium,
Cake - Coconut,$27.99 ,371-products,,,,,Cake,Coconut,,,Cake,Coconut,
Cake - Chocolate,$27.99 ,371-products,,,,,Cake,Chocolate,,,Cake,Chocolate,
,$22.99 ,,,,,,"Cheesecake, NY Style",,,,"Cheesecake, NY Style",,
,$27.99 ,499-products,,,,,Cheesecake Sampler,,,,Cheesecake Sampler,,
Cake - Red Velvet,$27.99 ,371-products,,,,,Cake,Red Velvet,,,Cake,Red Velvet,
Pie - Pecan,$17.99 ,275-products,,,,,Pie,Pecan,,,Pie,Pecan,
Pie - Pumpkin,$17.99 ,463-products,,,,,Pie,Pumpkin,,,Pie,Pumpkin,
Pie - Apple Caramel Walnut,$17.99 ,459-products,,,,,Pie,Apple Caramel Walnut,,,Pie,Apple Caramel Walnut,
Whole Frozen Turkey - Cajun,$85.00 ,207-products,,,,,Whole Frozen Turkey,Cajun,,,Whole Frozen Turkey,Cajun,
Whole Frozen Turkey - Smoked,$85.00 ,207-products,,,,,Whole Frozen Turkey,Smoked,,,Whole Frozen Turkey,Smoked,
Whole Frozen Turkey - Roasted,$85.00 ,207-products,,,,,Whole Frozen Turkey,Roasted,,,Whole Frozen Turkey,Roasted,
Premium Turkey Breast - Roasted,$42.00 ,171-products,,,,,Premium Turkey Breast,Roasted,,,Premium Turkey Breast,Roasted,
Premium Turkey Breast - Smoked,$42.00 ,167-products,,,,,Premium Turkey Breast,Smoked,,,Premium Turkey Breast,Smoked,
Premium Boneless Ham - Business Gifting - Whole (serves up to 20),$105.00 ,187-products,,,,,Premium Boneless Ham - Business Gifting,Whole (serves up to 20),,,Premium Boneless Ham - Business Gifting,Whole (serves up to 20),
Premium Boneless Ham - Business Gifting - Half (serves up to 10),$57.00 ,143-products,,,,,Premium Boneless Ham - Business Gifting,Half (serves up to 10),,,Premium Boneless Ham - Business Gifting,Half (serves up to 10),
Signature Bone-in Ham - Business Gifting - Deluxe,$102.00 ,179-products,,,,,Signature Bone-in Ham - Business Gifting,Deluxe,,,Signature Bone-in Ham - Business Gifting,Deluxe,
Signature Bone-in Ham - Business Gifting - Large,$93.00 ,175-products,,,,,Signature Bone-in Ham - Business Gifting,Large,,,Signature Bone-in Ham - Business Gifting,Large,
Lettuce Wrap with Gluten-Friendly Brownie Boxed Lunch - California Veggie Lettuce Wrap,$13.99 ,567-products,,,,,Lettuce Wrap with Gluten-Friendly Brownie Boxed Lunch,California Veggie Lettuce Wrap,,N,Lettuce Wrap with Gluten-Friendly Brownie Boxed Lunch,California Veggie Lettuce Wrap,
Cake - Carrot,$27.99 ,371-products,,,,,Cake,Carrot,,,Cake,Carrot,
Coffee Cake Tray - Blueberry Coffee Cake,$2.99 ,59-products,,,,,,,,Y,,,
Coffee Cake Tray - Most Popular,$2.99 ,59-products,,,,,,,,Y,,,
Sandwich Builder Buffet - Smoked Turkey Breast,$9.49 ,79-products,,,,,,,,Y,,,
Sandwich Builder Buffet - Roasted Turkey Breast,$9.49 ,79-products,,,,,,,,Y,,,
Sandwich Builder Buffet - Assorted,$9.49 ,79-products,,,,,,,,Y,,,
Sandwich Builder Buffet - HoneyBaked Ham,$9.49 ,79-products,,,,,,,,Y,,,
Supreme Sandwich Tray,$10.49 ,75-products,,,,,,,,Y,,,
Supreme Sandwich Tray - 4 Vegetarians,$10.49 ,75-products,,,,,,,,Y,,,
Supreme Sandwich Tray - 3 Vegetarians,$10.49 ,75-products,,,,,,,,Y,,,
Supreme Sandwich Tray - 2 Vegetarians,$10.49 ,75-products,,,,,,,,Y,,,
Supreme Sandwich Tray - 1 Vegetarian,$10.49 ,75-products,,,,,,,,Y,,,
Supreme Sandwich Tray - 0 Vegetarians,$10.49 ,75-products,,,,,,,,Y,,,
VIP Buffet - Smoked Turkey Breast,$11.99 ,7-products,,,,,,,,Y,,,
The Sandwich Builder Buffet - Assorted,$9.49 ,79-products,,,,,,,,Y,,,
Signature Meat & Cheese Tray - Assorted,$69.99 ,487-products,,,,,,,,Y,,,
VIP Buffet - Roasted Turkey Breast,$11.99 ,7-products,,,,,,,,Y,,,
VIP Buffet - Assorted,$11.99 ,7-products,,,,,,,,Y,,,
VIP Buffet - HoneyBaked Ham,$11.99 ,7-products,,,,,,,,Y,,,
"VIP Buffet (Includes Signature meats, chips, assorted breads, cheeses, lettuce and tomatoes, sauces, and a platter of assorted cookies) - Turkey Smoked",$11.99 ,7-products,,,,,"VIP Buffet (Includes Signature meats, chips, assorted breads, cheeses, lettuce and tomatoes, sauces, and a platter of assorted cookies)",Turkey Smoked,,N,"VIP Buffet (Includes Signature meats, chips, assorted breads, cheeses, lettuce and tomatoes, sauces, and a platter of assorted cookies)",Turkey Smoked,
Bottled Water,$1.99 ,51-products,,,,,,,,Y,Bottled Water,,
Coffee Cake Tray - Cinnamon Walnut Coffee Cake,$2.99 ,59-products,,,,,,,,Y,,,
Assorted Coca-Cola Beverages - Assorted Diet Sodas,$1.59 ,47-products,,,,,,,,Y,,,
Assorted Coca-Cola Beverages - Half Diet & Half Regular Sodas,$1.59 ,47-products,,,,,,,,Y,,,
Breakfast Pastry Tray,$1.99 ,55-products,,,,,,,,Y,,,
Honey Baked Ham & Cheddar Biscuit Box,$29.99 ,403-products,,,,,,,,Y,,,
Signature Breakfast Sandwich Tray - Egg & Cheese,$6.99 ,27-products,,,,,,,,Y,,,
"Signature Breakfast Sandwich Tray - Bacon, Egg & Cheddar",$6.99 ,27-products,,,,,,,,Y,,,
"Signature Breakfast Sandwich Tray - Turkey, Egg & Cheddar",$6.99 ,27-products,,,,,,,,Y,,,
"Signature Breakfast Sandwich Tray - HoneyBaked Ham, Bacon, Egg & Cheddar",$6.99 ,27-products,,,,,,,,Y,,,
"Signature Breakfast Sandwich Tray - HoneyBaked Ham, Egg & Cheddar",$6.99 ,27-products,,,,,,,,Y,,,
Signature Breakfast Sandwich Tray - Assorted,$6.99 ,27-products,,,,,,,,Y,,,
Boxed Breakfast - Egg & Cheddar,$11.49 ,155-products,,,,,,,,Y,,,
"Boxed Breakfast - Bacon, Egg & Cheddar",$11.49 ,155-products,,,,,,,,Y,,,
"Boxed Breakfast - Turkey, Egg & Cheddar",$11.49 ,155-products,,,,,,,,Y,,,
"Boxed Breakfast - HoneyBaked Ham, Bacon, Egg & Cheddar",$11.49 ,155-products,,,,,,,,Y,,,
"Boxed Breakfast - HoneyBaked Ham, Egg & Cheddar",$11.49 ,155-products,,,,,,,,Y,,,
Boxed Breakfast - Assorted,$11.49 ,155-products,,,,,,,,Y,,,
Gallon Lemonade,$7.99 ,111-products,,,,,,,,Y,,,
Gallon Unsweet Tea,$7.99 ,115-products,,,,,,,,Y,,,
Gallon Sweet Tea,$7.99 ,115-products,,,,,,,,Y,,,
Assorted Coca-Cola Beverages - Assorted Regular Sodas,$1.59 ,47-products,,,,,,,,Y,,,
Cake - Rum,$27.99 ,507-products,,,,,Cake,Rum,,,Cake,Rum,
Coffee Cake - Blueberry,$24.99 ,311-products,,,,,Coffee Cake,Blueberry,,,Coffee Cake,Blueberry,
Coffee Cake,$24.99 ,311-products,,,,,Coffee Cake,,,,Coffee Cake,,
$75 Gift Card - Activate Remotely,$75.00 ,219-products,,,,,Gift Card,Activate Remotely,$75.00 ,,Gift Card,Activate Remotely,$75.00 
$75 Gift Card - Activate in Store,$75.00 ,219-products,,,,,Gift Card,Activate in Store,$75.00 ,,Gift Card,Activate in Store,$75.00 
$100 Gift Card - Activate Remotely,$100.00 ,223-products,,,,,Gift Card,Activate Remotely,$100.00 ,,Gift Card,Activate Remotely,$100.00 
$100 Gift Card - Activate in Store,$100.00 ,223-products,,,,,Gift Card,Activate in Store,$100.00 ,,Gift Card,Activate in Store,$100.00 
$65 Gift Card - Activate Remotely,$65.00 ,227-products,,,,,Gift Card,Activate Remotely,$65.00 ,,Gift Card,Activate Remotely,$65.00 
$65 Gift Card - Activate in Store,$65.00 ,227-products,,,,,Gift Card,Activate in Store,$65.00 ,,Gift Card,Activate in Store,$65.00 
$30 Gift Card - Activate Remotely,$30.00 ,231-products,,,,,Gift Card,Activate Remotely,$30.00 ,,Gift Card,Activate Remotely,$30.00 
$30 Gift Card - Activate in Store,$30.00 ,231-products,,,,,Gift Card,Activate in Store,$30.00 ,,Gift Card,Activate in Store,$30.00 
$20 Gift Card - Activate Remotely,$20.00 ,255-products,,,,,Gift Card,Activate Remotely,$20.00 ,,Gift Card,Activate Remotely,$20.00 
$20 Gift Card - Activate in Store,$20.00 ,255-products,,,,,Gift Card,Activate in Store,$20.00 ,,Gift Card,Activate in Store,$20.00 
$35 Gift Card - Activate Remotely,$35.00 ,259-products,,,,,Gift Card,Activate Remotely,$35.00 ,,Gift Card,Activate Remotely,$35.00 
$35 Gift Card - Activate in Store,$35.00 ,259-products,,,,,Gift Card,Activate in Store,$35.00 ,,Gift Card,Activate in Store,$35.00 
$60 Gift Card - Activate Remotely,$60.00 ,263-products,,,,,Gift Card,Activate Remotely,$60.00 ,,Gift Card,Activate Remotely,$60.00 
$60 Gift Card - Activate in Store,$60.00 ,263-products,,,,,Gift Card,Activate in Store,$60.00 ,,Gift Card,Activate in Store,$60.00 
$70 Gift Card - Activate Remotely,$70.00 ,267-products,,,,,Gift Card,Activate Remotely,$70.00 ,,Gift Card,Activate Remotely,$70.00 
$70 Gift Card - Activate in Store,$70.00 ,267-products,,,,,Gift Card,Activate in Store,$70.00 ,,Gift Card,Activate in Store,$70.00 
$150 Gift Card - Activate Remotely,$150.00 ,299-products,,,,,Gift Card,Activate Remotely,$150.00 ,,Gift Card,Activate Remotely,$150.00 
$25 Gift Card - Activate in Store,$25.00 ,215-products,,,,,Gift Card,Activate in Store,$25.00 ,,Gift Card,Activate in Store,$25.00 
$150 Gift Card - Activate in Store,$150.00 ,299-products,,,,,Gift Card,Activate in Store,$150.00 ,,Gift Card,Activate in Store,$150.00 
$25 Gift Card - Activate Remotely,$25.00 ,215-products,,,,,Gift Card,Activate Remotely,$25.00 ,,Gift Card,Activate Remotely,$25.00 
$40 Gift Card - Activate Remotely,$40.00 ,211-products,,,,,Gift Card,Activate Remotely,$40.00 ,,Gift Card,Activate Remotely,$40.00 
$15 Gift Card - Activate in Store,$15.00 ,215-products,,,,,Gift Card,Activate in Store,$15.00 ,,Gift Card,Activate in Store,$15.00 
test item for name change - new - test subcategory,$1.00 ,,,,,test item for name change - original,test item for name change - new,test subcategory,,,,,
test item for name change - original - test subcategory,$1.00 ,,,,,,test item for name change - original,test subcategory,,,,,
test item with notes - test subcategory,$1.00 ,,testing having initial comments in this field,,,,test item with notes,test subcategory,,,,,
Large Meat and Cheese Platter (Serves 12 - 16) - Ham + Smoked Turkey + Roasted Turkey,$94.99 ,491-products,,,,,Large Meat and Cheese Platter (Serves 12 - 16),Ham + Smoked Turkey + Roasted Turkey,,,Large Meat and Cheese Platter (Serves 12 - 16),Ham + Smoked Turkey + Roasted Turkey,
Large Meat and Cheese Platter (Serves 12 - 16) - Ham + Roasted Turkey,$94.99 ,491-products,,,,,Large Meat and Cheese Platter (Serves 12 - 16),Ham + Roasted Turkey,,,Large Meat and Cheese Platter (Serves 12 - 16),Ham + Roasted Turkey,
Medium Meat and Cheese Platter (Serves 6 - 10) - Ham + Smoked Turkey + Roasted Turkey,$69.99 ,487-products,,,,,Medium Meat and Cheese Platter (Serves 6 - 10),Ham + Smoked Turkey + Roasted Turkey,,,Medium Meat and Cheese Platter (Serves 6 - 10),Ham + Smoked Turkey + Roasted Turkey,
Medium Meat and Cheese Platter (Serves 6 - 10) - Ham + Roasted Turkey,$69.99 ,487-products,,,,,Medium Meat and Cheese Platter (Serves 6 - 10),Ham + Roasted Turkey,,,Medium Meat and Cheese Platter (Serves 6 - 10),Ham + Roasted Turkey,
Large Meat and Cheese Platter (Serves 12 - 16) - Ham + Smoked Turkey,$94.99 ,491-products,,,,,Large Meat and Cheese Platter (Serves 12 - 16),Ham + Smoked Turkey,,,Large Meat and Cheese Platter (Serves 12 - 16),Ham + Smoked Turkey,
Medium Meat and Cheese Platter (Serves 6 - 10) - Ham + Smoked Turkey,$69.99 ,487-products,,,,,Medium Meat and Cheese Platter (Serves 6 - 10),Ham + Smoked Turkey,,,Medium Meat and Cheese Platter (Serves 6 - 10),Ham + Smoked Turkey,
Pasta Salad,$2.99 ,583-products,,,,,Pasta Salad,,,,,,
Soup Mix - Mixed Bean,$8.59 ,527-products,,,,,Soup Mix,Mixed Bean,,,Soup Mix,Mixed Bean,
Soup Mix - Split Pea,$8.59 ,527-products,,,,,Soup Mix,Split Pea,,,Soup Mix,Split Pea,
$50 Gift Card - Activate Remotely,$50.00 ,183-products,,,,,Gift Card,Activate Remotely,$50.00 ,,Gift Card,Activate Remotely,$50.00 
$130 Gift Card - Activate in Store,$130.00 ,591-products,,,,,Gift Card,Activate in Store,$130.00 ,,Gift Card,Activate in Store,$130.00 
$130 Gift Card - Activate Remotely,$130.00 ,591-products,,,,,Gift Card,Activate Remotely,$130.00 ,,Gift Card,Activate Remotely,$130.00 
$50 Gift Card - Activate in Store,$50.00 ,183-products,,,,,Gift Card,Activate in Store,$50.00 ,,Gift Card,Activate in Store,$50.00 
$40 Gift Card - Activate in Store,$40.00 ,211-products,,,,,Gift Card,Activate in Store,$40.00 ,,Gift Card,Activate in Store,$40.00 
$80 Gift Card - Activate Remotely,$80.00 ,319-products,,,,,Gift Card,Activate Remotely,$80.00 ,,Gift Card,Activate Remotely,$80.00 
$80 Gift Card - Activate in Store,$80.00 ,319-products,,,,,Gift Card,Activate in Store,$80.00 ,,Gift Card,Activate in Store,$80.00 
$90 Gift Card - Activate Remotely,$90.00 ,331-products,,,,,Gift Card,Activate Remotely,$90.00 ,,Gift Card,Activate Remotely,$90.00 
Signature Meat Tray - Ham/Turkey,$7.39 ,239-products,,,,,Signature Meat Tray,Ham/Turkey,,,Signature Meat Tray,Ham/Turkey,
Signature Meat Tray - HoneyBaked Ham,$7.39 ,239-products,,,,,,,,,,,
Signature Meat Tray - Turkey,$7.39 ,239-products,,,,,Signature Meat Tray,Turkey,,,Signature Meat Tray,Turkey,
Signature Meat Tray - Ham,$7.39 ,239-products,,,,,Signature Meat Tray,Ham,,,Signature Meat Tray,Ham,
Ice Pack,$2.00 ,203-products,,,,,Ice Pack,,,,Ice Pack,,
Ice Pack - No Charge,$0.00 ,203-products,,,,,Ice Pack,No Charge,,,Ice Pack,No Charge,
Heat and Serve Side,$11.99 ,335-products,,,,,Heat and Serve Side,,,,Heat and Serve Side,,
,,451-products,,,,,"8lb ham, 2 sides, 1 dessert package",,,,"8lb ham, 2 sides, 1 dessert package",,
King's Hawaiian Rolls,$6.99 ,243-products,,,,,King's Hawaiian Rolls,,,,King's Hawaiian Rolls,,
Retail Sauce by the Bottle - Cranberry Walnut Chutney,$7.79 ,323-products,,,,,Retail Sauce by the Bottle,Cranberry Walnut Chutney,,,Retail Sauce by the Bottle,Cranberry Walnut Chutney,
Retail Sauce by the Bottle - Savory Mayo,$7.79 ,323-products,,,,,Retail Sauce by the Bottle,Savory Mayo,,,Retail Sauce by the Bottle,Savory Mayo,
Retail Sauce by the Bottle - Hickory Honey Mustard,$7.79 ,323-products,,,,,Retail Sauce by the Bottle,Hickory Honey Mustard,,,Retail Sauce by the Bottle,Hickory Honey Mustard,
Retail Sauce by the Bottle - Assorted,$7.79 ,323-products,,,,,Retail Sauce by the Bottle,Assorted,,,Retail Sauce by the Bottle,Assorted,
,,,,,,,,,,,,,
,,303-products,,,,,Cookie Tin Gift Basket,,,,Cookie Tin Gift Basket,,
Rum Cake Sampler,$29.99 ,511-products,,,,,Rum Cake Sampler,,,,Rum Cake Sampler,,
Coffee Cake Tray,$2.99 ,59-products,,,,,Coffee Cake Tray,,,,Coffee Cake Tray,,
Signature Meat Tray - Smoked Turkey Breast,$7.39 ,239-products,,,,,,,,,,,
8-Pack Ham and Cheddar Biscuits (Retail),$29.99 ,571-products,,,,,8-Pack Ham and Cheddar Biscuits (Retail),,,,8-Pack Ham and Cheddar Biscuits (Retail),,
Take and Bake Slider Tray - Garlic Herb Roasted Turkey Breast,$29.99 ,575-products,,,,,Take and Bake Slider Tray,Garlic Herb Roasted Turkey Breast,,,Take and Bake Slider Tray,Garlic Herb Roasted Turkey Breast,
Take and Bake Slider Tray - Ham and Swiss,$29.99 ,575-products,,,,,Take and Bake Slider Tray,Ham and Swiss,,,Take and Bake Slider Tray,Ham and Swiss,
$90 Gift Card - Activate in Store,$90.00 ,331-products,,,,,Gift Card,Activate in Store,$90.00 ,,Gift Card,Activate in Store,$90.00 
$45 Gift Card - Activate Remotely,$45.00 ,355-products,,,,,Gift Card,Activate Remotely,$45.00 ,,Gift Card,Activate Remotely,$45.00 
$45 Gift Card - Activate in Store,$45.00 ,355-products,,,,,Gift Card,Activate in Store,$45.00 ,,Gift Card,Activate in Store,$45.00 
$95 Gift Card - Activate Remotely,$95.00 ,363-products,,,,,Gift Card,Activate Remotely,$95.00 ,,Gift Card,Activate Remotely,$95.00 
$95 Gift Card - Activate in Store,$95.00 ,363-products,,,,,Gift Card,Activate in Store,$95.00 ,,Gift Card,Activate in Store,$95.00 
$85 Gift Card - Activate Remotely,$85.00 ,367-products,,,,,Gift Card,Activate Remotely,$85.00 ,,Gift Card,Activate Remotely,$85.00 
$85 Gift Card - Activate in Store,$85.00 ,367-products,,,,,Gift Card,Activate in Store,$85.00 ,,Gift Card,Activate in Store,$85.00 
$125 Gift Card - Activate Remotely,$125.00 ,375-products,,,,,Gift Card,Activate Remotely,$125.00 ,,Gift Card,Activate Remotely,$125.00 
"VIP Buffet (Includes Signature meats, chips, assorted breads, cheeses, lettuce and tomatoes, sauces, and a platter of assorted cookies) - Turkey Roasted",$11.99 ,7-products,,,,,"VIP Buffet (Includes Signature meats, chips, assorted breads, cheeses, lettuce and tomatoes, sauces, and a platter of assorted cookies)",Turkey Roasted,,N,"VIP Buffet (Includes Signature meats, chips, assorted breads, cheeses, lettuce and tomatoes, sauces, and a platter of assorted cookies)",Turkey Roasted,
$125 Gift Card - Activate in Store,$125.00 ,375-products,,,,,Gift Card,Activate in Store,$125.00 ,,Gift Card,Activate in Store,$125.00 
$10 Gift Card - Activate in Store,$10.00 ,387-products,,,,,Gift Card,Activate in Store,$10.00 ,,Gift Card,Activate in Store,$10.00 
$120 Gift Card - Activate Remotely,$120.00 ,443-products,,,,,Gift Card,Activate Remotely,$120.00 ,,Gift Card,Activate Remotely,$120.00 
$120 Gift Card - Activate in Store,$120.00 ,443-products,,,,,Gift Card,Activate in Store,$120.00 ,,Gift Card,Activate in Store,$120.00 
$200 Gift Card - Activate Remotely,$200.00 ,495-products,,,,,Gift Card,Activate Remotely,$200.00 ,,Gift Card,Activate Remotely,$200.00 
$200 Gift Card - Activate in Store,$200.00 ,495-products,,,,,Gift Card,Activate in Store,$200.00 ,,Gift Card,Activate in Store,$200.00 
$110 Gift Card - Activate Remotely,$110.00 ,519-products,,,,,Gift Card,Activate Remotely,$110.00 ,,Gift Card,Activate Remotely,$110.00 
$110 Gift Card - Activate in Store,$110.00 ,519-products,,,,,Gift Card,Activate in Store,$110.00 ,,Gift Card,Activate in Store,$110.00 
Take and Bake Slider Tray - Tavern Club,$29.99 ,575-products,,,,,Take and Bake Slider Tray,Tavern Club,,,Take and Bake Slider Tray,Tavern Club,
$10 Gift Card - Activate Remotely,$10.00 ,387-products,,,,,Gift Card,Activate Remotely,$10.00 ,,Gift Card,Activate Remotely,$10.00 
$15 Gift Card - Activate Remotely,$15.00 ,215-products,,,,,Gift Card,Activate Remotely,$15.00 ,,Gift Card,Activate Remotely,$15.00 
"VIP Buffet (Includes Signature meats, chips, assorted breads, cheeses, lettuce and tomatoes, sauces, and a platter of assorted cookies) - Ham/Turkey",$11.99 ,7-products,,,,,"VIP Buffet (Includes Signature meats, chips, assorted breads, cheeses, lettuce and tomatoes, sauces, and a platter of assorted cookies)",Ham/Turkey,,N,"VIP Buffet (Includes Signature meats, chips, assorted breads, cheeses, lettuce and tomatoes, sauces, and a platter of assorted cookies)",Ham/Turkey,
Gluten-Friendly Brownie,$3.49 ,71-products,,,,,,,,Y,,,
Unsweet Tea Gallon (each gal serves 8),$7.99 ,115-products,,Gallon Sweet Tea,,,Unsweet Tea Gallon (each gal serves 8),,,,Unsweet Tea Gallon (each gal serves 8),,
Sweet Tea Gallon (each gal serves 8),$7.99 ,115-products,,Gallon Sweet Tea,,,Sweet Tea Gallon (each gal serves 8),,,,Sweet Tea Gallon (each gal serves 8),,
Canned Drink - Coke Zero,$1.59 ,47-products,,,,,Canned Drink,Coke Zero,,,Canned Drink,Coke Zero,
Canned Drink - Sprite,$1.59 ,47-products,,,,,Canned Drink,Sprite,,,Canned Drink,Sprite,
Canned Drink - Diet Coke,$1.59 ,47-products,,,,,Canned Drink,Diet Coke,,,Canned Drink,Diet Coke,
Canned Drink - Coke,$1.59 ,47-products,,,,,Canned Drink,Coke,,,Canned Drink,Coke,
Canned Drink - Half Diet & Half Regular Sodas,$1.59 ,47-products,,Assorted Coca-Cola Beverages - Half Diet & Half Regular Sodas,Half Diet & Half Regular Sodas,,Canned Drink,Half Diet & Half Regular Sodas,,,Canned Drink,Half Diet & Half Regular Sodas,
Canned Drink - Assorted Regular Sodas,$1.59 ,47-products,,Assorted Coca-Cola Beverages - Assorted Regular Sodas,Assorted Regular Sodas,,Canned Drink,Assorted Regular Sodas,,,Canned Drink,Assorted Regular Sodas,
Canned Drink - Assorted Diet Sodas,$1.59 ,47-products,,Assorted Coca-Cola Beverages - Assorted Diet Sodas,Assorted Diet Sodas,,Canned Drink,Assorted Diet Sodas,,,Canned Drink,Assorted Diet Sodas,
Bottled Water,$1.99 ,51-products,,Bottled Water,,,Bottled Water,,,,Bottled Water,,
Sandwich Builder Buffet - Smoked Turkey,$9.49 ,79-products,,Sandwich Builder Buffet - Smoked Turkey Breast,Smoked Turkey Breast,,Sandwich Builder Buffet,Smoked Turkey,,,Sandwich Builder Buffet,Smoked Turkey,
Sandwich Builder Buffet - Roasted Turkey,$9.49 ,79-products,,Sandwich Builder Buffet - Roasted Turkey Breast,Roasted Turkey Breast,,Sandwich Builder Buffet,Roasted Turkey,,,Sandwich Builder Buffet,Roasted Turkey,
Sandwich Builder Buffet - 1/2 Ham and 1/2 Turkey,$9.49 ,79-products,,Sandwich Builder Buffet - Assorted,Assorted,,Sandwich Builder Buffet,1/2 Ham and 1/2 Turkey,,,Sandwich Builder Buffet,1/2 Ham and 1/2 Turkey,
Sandwich Builder Buffet - Ham,$9.49 ,79-products,,Sandwich Builder Buffet - HoneyBaked Ham,HoneyBaked Ham,,Sandwich Builder Buffet,Ham,,,Sandwich Builder Buffet,Ham,
Supreme Sandwich Tray (includes chips),$10.49 ,75-products,,Supreme Sandwich Tray,,,Supreme Sandwich Tray (includes chips),,,,Supreme Sandwich Tray (includes chips),,
VIP Buffet - Turkey Smoked,$11.99 ,7-products,,VIP Buffet - Smoked Turkey Breast,Smoked Turkey Breast,,VIP Buffet,Turkey Smoked,,,"VIP Buffet (Includes Signature meats, chips, assorted breads, cheeses, lettuce and tomatoes, sauces, and a platter of assorted cookies)",Turkey Smoked,
VIP Buffet - Turkey Roasted,$11.99 ,7-products,,VIP Buffet - Roasted Turkey Breast,Roasted Turkey Breast,,VIP Buffet,Turkey Roasted,,,"VIP Buffet (Includes Signature meats, chips, assorted breads, cheeses, lettuce and tomatoes, sauces, and a platter of assorted cookies)",Turkey Roasted,
Lemonade Gallon (each gal serves 8),$7.99 ,111-products,,Gallon Sweet Tea,,,Lemonade Gallon (each gal serves 8),,,,Lemonade Gallon (each gal serves 8),,
VIP Buffet - Ham/Turkey,$11.99 ,7-products,,VIP Buffet - Assorted,Assorted,,VIP Buffet,Ham/Turkey,,,"VIP Buffet (Includes Signature meats, chips, assorted breads, cheeses, lettuce and tomatoes, sauces, and a platter of assorted cookies)",Ham/Turkey,
Sweet Tea Gallon,$7.99 ,115-products,,Gallon Sweet Tea,,,Sweet Tea Gallon,,,,,,
Lemonade Gallon,$7.99 ,111-products,,Gallon Lemonade,,,Lemonade Gallon,,,,,,
"Breakfast Sandwiches - Bacon, Egg and Cheddar",$6.99 ,27-products,,"Signature Breakfast Sandwich Tray - Bacon, Egg & Cheddar","Bacon, Egg & Cheddar",,Breakfast Sandwiches,"Bacon, Egg and Cheddar",,,Breakfast Sandwiches,"Bacon, Egg and Cheddar",
"Breakfast Sandwiches - Turkey, Egg and Cheddar",$6.99 ,27-products,,"Signature Breakfast Sandwich Tray - Turkey, Egg & Cheddar","Turkey, Egg & Cheddar",,Breakfast Sandwiches,"Turkey, Egg and Cheddar",,,Breakfast Sandwiches,"Turkey, Egg and Cheddar",
"Breakfast Sandwiches - Ham, Bacon, Egg and Cheddar",$6.99 ,27-products,,"Signature Breakfast Sandwich Tray - HoneyBaked Ham, Bacon, Egg & Cheddar","HoneyBaked Ham, Bacon, Egg & Cheddar",,Breakfast Sandwiches,"Ham, Bacon, Egg and Cheddar",,,Breakfast Sandwiches,"Ham, Bacon, Egg and Cheddar",
"Breakfast Sandwiches - Ham, Egg and Cheddar",$6.99 ,27-products,,"Signature Breakfast Sandwich Tray - HoneyBaked Ham, Egg & Cheddar","HoneyBaked Ham, Egg & Cheddar",,Breakfast Sandwiches,"Ham, Egg and Cheddar",,,Breakfast Sandwiches,"Ham, Egg and Cheddar",
Breakfast Sandwiches - Assorted,$6.99 ,27-products,,Signature Breakfast Sandwich Tray - Assorted,Assorted,,Breakfast Sandwiches,Assorted,,,Breakfast Sandwiches,Assorted,
"Breakfast Box - Egg and Cheddar (incl. breakfast sandwich, a pastry, and yogurt)",$11.49 ,155-products,,,,,Breakfast Box,"Egg and Cheddar (incl. breakfast sandwich, a pastry, and yogurt)",,,Breakfast Box,"Egg and Cheddar (incl. breakfast sandwich, a pastry, and yogurt)",
"Breakfast Box - Bacon, Egg and Cheddar (incl. breakfast sandwich, a pastry, and yogurt)",$11.49 ,155-products,,,,,Breakfast Box,"Bacon, Egg and Cheddar (incl. breakfast sandwich, a pastry, and yogurt)",,,Breakfast Box,"Bacon, Egg and Cheddar (incl. breakfast sandwich, a pastry, and yogurt)",
"Breakfast Box - Turkey, Egg and Cheddar (incl. breakfast sandwich, a pastry, and yogurt)",$11.49 ,155-products,,,,,Breakfast Box,"Turkey, Egg and Cheddar (incl. breakfast sandwich, a pastry, and yogurt)",,,Breakfast Box,"Turkey, Egg and Cheddar (incl. breakfast sandwich, a pastry, and yogurt)",
"Breakfast Box - Ham, Bacon, Egg and Cheddar (incl. breakfast sandwich, a pastry, and yogurt)",$11.49 ,155-products,,,,,Breakfast Box,"Ham, Bacon, Egg and Cheddar (incl. breakfast sandwich, a pastry, and yogurt)",,,Breakfast Box,"Ham, Bacon, Egg and Cheddar (incl. breakfast sandwich, a pastry, and yogurt)",
"Breakfast Box - Ham, Egg and Cheddar (incl. breakfast sandwich, a pastry, and yogurt)",$11.49 ,155-products,,,,,Breakfast Box,"Ham, Egg and Cheddar (incl. breakfast sandwich, a pastry, and yogurt)",,,Breakfast Box,"Ham, Egg and Cheddar (incl. breakfast sandwich, a pastry, and yogurt)",
"Breakfast Box - Assorted (incl. breakfast sandwich, a pastry, and yogurt)",$11.49 ,155-products,,,,,Breakfast Box,"Assorted (incl. breakfast sandwich, a pastry, and yogurt)",,,Breakfast Box,"Assorted (incl. breakfast sandwich, a pastry, and yogurt)",
Breakfast Box - Egg and Cheddar,$11.49 ,155-products,,Boxed Breakfast - Egg & Cheddar,Egg & Cheddar,,Breakfast Box,Egg and Cheddar,,,Breakfast Box,Egg and Cheddar,
"Breakfast Box - Bacon, Egg and Cheddar",$11.49 ,155-products,,"Boxed Breakfast - Bacon, Egg & Cheddar","Bacon, Egg & Cheddar",,Breakfast Box,"Bacon, Egg and Cheddar",,,Breakfast Box,"Bacon, Egg and Cheddar",
"Breakfast Box - Turkey, Egg and Cheddar",$11.49 ,155-products,,"Boxed Breakfast - Turkey, Egg & Cheddar","Turkey, Egg & Cheddar",,Breakfast Box,"Turkey, Egg and Cheddar",,,Breakfast Box,"Turkey, Egg and Cheddar",
"Breakfast Box - Ham, Bacon, Egg and Cheddar",$11.49 ,155-products,,"Boxed Breakfast - HoneyBaked Ham, Bacon, Egg & Cheddar","HoneyBaked Ham, Bacon, Egg & Cheddar",,Breakfast Box,"Ham, Bacon, Egg and Cheddar",,,Breakfast Box,"Ham, Bacon, Egg and Cheddar",
"Breakfast Box - Ham, Egg and Cheddar",$11.49 ,155-products,,"Boxed Breakfast - HoneyBaked Ham, Egg & Cheddar","HoneyBaked Ham, Egg & Cheddar",,Breakfast Box,"Ham, Egg and Cheddar",,,Breakfast Box,"Ham, Egg and Cheddar",
Breakfast Box - Assorted,$11.49 ,155-products,,Boxed Breakfast - Assorted,Assorted,,Breakfast Box,Assorted,,,Breakfast Box,Assorted,
Unsweet Tea Gallon,$7.99 ,115-products,,Gallon Unsweet Tea,,,Unsweet Tea Gallon,,,,,,
Breakfast Sandwiches - Egg and Cheddar,$6.99 ,27-products,,Signature Breakfast Sandwich Tray - Egg & Cheese,Egg & Cheese,,Breakfast Sandwiches,Egg and Cheddar,,,Breakfast Sandwiches,Egg and Cheddar,
VIP Buffet - Ham,$11.99 ,7-products,,VIP Buffet - HoneyBaked Ham,HoneyBaked Ham,,VIP Buffet,Ham,,,"VIP Buffet (Includes Signature meats, chips, assorted breads, cheeses, lettuce and tomatoes, sauces, and a platter of assorted cookies)",Ham,
"Cookie - Specify type in details: Chocolate Chip, White Chocolate Macadamia, Oatmeal Raisin, Snickerdoodle",$1.99 ,67-products,"Please Specify in Notes: Chocolate Chip, White Chocolate Macadamia, Oatmeal Raisin, Snickerdoodle",Assorted Cookies,,,Cookie,"Specify type in details: Chocolate Chip, White Chocolate Macadamia, Oatmeal Raisin, Snickerdoodle",,,Cookie,"Specify type in details: Chocolate Chip, White Chocolate Macadamia, Oatmeal Raisin, Snickerdoodle",
Salad Boxed Lunch - Turkey BLT Salad LTO,$11.49 ,535-products,,,,,Salad Boxed Lunch,Turkey BLT Salad LTO,,,Salad Boxed Lunch,Turkey BLT Salad LTO,
Salad Boxed Lunch - Chef Salad,$11.49 ,535-products,,Salad Boxed Lunches - Chef Salad,Chef Salad,,Salad Boxed Lunch,Chef Salad,,,Salad Boxed Lunch,Chef Salad,
Salad Boxed Lunch - Garden Salad,$10.99 ,195-products,,Salad Boxed Lunches - Garden Salad,Garden Salad,,Salad Boxed Lunch,Garden Salad,,,Salad Boxed Lunch,Garden Salad,
Specialty Boxed Lunch - Turkey Bacon Ranch,$11.49 ,19-products,,Specialty Sandwich Boxed Lunches - Turkey Bacon Ranch Sandwich,Turkey Bacon Ranch Sandwich,,Specialty Boxed Lunch,Turkey Bacon Ranch,,,Specialty Boxed Lunch,Turkey Bacon Ranch,
Specialty Boxed Lunch - Turkey Bacon Avocado LTO,$11.49 ,19-products,,,,,Specialty Boxed Lunch,Turkey Bacon Avocado LTO,,,Specialty Boxed Lunch,Turkey Bacon Avocado LTO,
Specialty Boxed Lunch - BBQ Smoked Stacker,$11.49 ,19-products,,Specialty Sandwich Boxed Lunches - BBQ Smoked Stacker Sandwich,BBQ Smoked Stacker Sandwich,,Specialty Boxed Lunch,BBQ Smoked Stacker,,,Specialty Boxed Lunch,BBQ Smoked Stacker,
Specialty Boxed Lunch - The HoneyBaked,$11.49 ,19-products,,Specialty Sandwich Boxed Lunches - The HoneyBaked Sandwich,The HoneyBaked Sandwich,,Specialty Boxed Lunch,The HoneyBaked,,,Specialty Boxed Lunch,The HoneyBaked,
Specialty Boxed Lunch - Tavern Club,$11.49 ,19-products,,Specialty Sandwich Boxed Lunches - Tavern Club Sandwich,Tavern Club Sandwich,,Specialty Boxed Lunch,Tavern Club,,,Specialty Boxed Lunch,Tavern Club,
Specialty Boxed Lunch - Assorted,$11.49 ,19-products,,Specialty Sandwich Boxed Lunches - Assorted,Assorted,,Specialty Boxed Lunch,Assorted,,,Specialty Boxed Lunch,Assorted,
"Signature Boxed Lunch - Turkey, Bacon Ranch Lettuce Wrap",$10.99 ,15-products,,Signature Sandwich Boxed Lunches - Turkey Bacon Ranch Lettuce Wrap,Turkey Bacon Ranch Lettuce Wrap,,Signature Boxed Lunch,"Turkey, Bacon Ranch Lettuce Wrap",,,Signature Boxed Lunch,"Turkey, Bacon Ranch Lettuce Wrap",
"Signature Boxed Lunch - Ham, Bacon & Swiss Lettuce Wrap",$10.99 ,15-products,,"Signature Sandwich Boxed Lunches - Ham, Bacon & Swiss Lettuce Wrap","Ham, Bacon & Swiss Lettuce Wrap",,Signature Boxed Lunch,"Ham, Bacon & Swiss Lettuce Wrap",,,Signature Boxed Lunch,"Ham, Bacon & Swiss Lettuce Wrap",
Signature Boxed Lunch - California Veggie,$10.99 ,15-products,,Signature Sandwich Boxed Lunches - California Veggie Sandwich,California Veggie Sandwich,,Signature Boxed Lunch,California Veggie,,,Signature Boxed Lunch,California Veggie,
Signature Boxed Lunch - Chicken Salad,$10.99 ,15-products,,Signature Sandwich Boxed Lunches - Chicken Salad Sandwich,Chicken Salad Sandwich,,Signature Boxed Lunch,Chicken Salad,,,Signature Boxed Lunch,Chicken Salad,
Signature Boxed Lunch - Ham Salad,$10.99 ,15-products,,Signature Sandwich Boxed Lunches - Ham Salad Sandwich,Ham Salad Sandwich,,Signature Boxed Lunch,Ham Salad,,,Signature Boxed Lunch,Ham Salad,
Signature Boxed Lunch - Smoked Turkey Classic,$10.99 ,15-products,,Signature Sandwich Boxed Lunches - Smoked Turkey Classic Sandwich,Smoked Turkey Classic Sandwich,,Signature Boxed Lunch,Smoked Turkey Classic,,,Signature Boxed Lunch,Smoked Turkey Classic,
Signature Boxed Lunch - Roasted Turkey Classic,$10.99 ,15-products,,Signature Sandwich Boxed Lunches - Roasted Turkey Classic Sandwich,Roasted Turkey Classic Sandwich,,Signature Boxed Lunch,Roasted Turkey Classic,,,Signature Boxed Lunch,Roasted Turkey Classic,
Signature Boxed Lunch - Ham Classic,$10.99 ,15-products,,Signature Sandwich Boxed Lunches - Ham Classic Sandwich,Ham Classic Sandwich,,Signature Boxed Lunch,Ham Classic,,,Signature Boxed Lunch,Ham Classic,
Gluten-Friendly Boxed Lunch - Ham Classic Wrap,$13.99 ,379-products,,Gluten-Friendly Wrap Boxed Lunch - Ham Classic Wrap,Ham Classic Wrap,,Gluten-Friendly Boxed Lunch,Ham Classic Wrap,,,Gluten-Friendly Boxed Lunch,Ham Classic Wrap,
Gluten-friendly Brownie,$3.49 ,71-products,,Gluten-Friendly Brownie,,,Gluten-friendly Brownie,,,,Gluten-friendly Brownie,,
Gluten-Friendly Boxed Lunch - Roasted Turkey Classic Wrap,$13.99 ,379-products,,Gluten-Friendly Wrap Boxed Lunch - Roasted Turkey Classic Wrap,Roasted Turkey Classic Wrap,,Gluten-Friendly Boxed Lunch,Roasted Turkey Classic Wrap,,,Gluten-Friendly Boxed Lunch,Roasted Turkey Classic Wrap,
Gluten-Friendly Boxed Lunch - California Veggie Wrap,$13.99 ,379-products,,Gluten-Friendly Wrap Boxed Lunch - California Veggie Wrap,California Veggie Wrap,,Gluten-Friendly Boxed Lunch,California Veggie Wrap,,,Gluten-Friendly Boxed Lunch,California Veggie Wrap,
Cookie - Assorted,$1.99 ,67-products,,,,,Cookie,Assorted,,,Cookie,Assorted,
Cookie - Snickerdoodle,$1.99 ,67-products,,,,,Cookie,Snickerdoodle,,,Cookie,Snickerdoodle,
Cookie - Oatmeal Raisin,$1.99 ,67-products,,,,,Cookie,Oatmeal Raisin,,,Cookie,Oatmeal Raisin,
Cookie - White Chocolate Macadamia,$1.99 ,67-products,,,,,Cookie,White Chocolate Macadamia,,,Cookie,White Chocolate Macadamia,
Cookie - Chocolate Chip,$1.99 ,67-products,,,,,Cookie,Chocolate Chip,,,Cookie,Chocolate Chip,
Broccoli Bacon Bliss,$2.99 ,83-products,,Broccoli Bacon Bliss Salad,,,Broccoli Bacon Bliss,,,,Broccoli Bacon Bliss,,
Potato Salad,$2.99 ,87-products,,Smashed Potato Salad,,,Potato Salad,,,,Potato Salad,,
Fruit Tray,$54.99 ,31-products,,Fresh Fruit Tray,,,Fruit Tray,,,,Fruit Tray,,
Veggie Tray,$54.99 ,139-products,,Fresh Veggie Tray,,,Veggie Tray,,,,Veggie Tray,,
Buffet Garden Salad,$32.99 ,107-products,,Chef Salad,,,Buffet Garden Salad,,,,Buffet Garden Salad,,
Buffet Chef Salad,$37.99 ,555-products,,Garden Salad,,,Buffet Chef Salad,,,,Buffet Chef Salad,,
The Honey Baked Plate - Roasted Turkey,$16.99 ,247-products,,Honey Baked Plate - Roasted Turkey Breast,Roasted Turkey Breast,,The Honey Baked Plate,Roasted Turkey,,,The Honey Baked Plate,Roasted Turkey,
The Honey Baked Plate - Smoked Turkey,$16.99 ,247-products,,Honey Baked Plate - Smoked Turkey Breast,Smoked Turkey Breast,,The Honey Baked Plate,Smoked Turkey,,,The Honey Baked Plate,Smoked Turkey,
The Honey Baked Plate - 1/2 Ham and 1/2 Turkey,$16.99 ,247-products,,Honey Baked Plate - Assorted,Assorted,,The Honey Baked Plate,1/2 Ham and 1/2 Turkey,,,The Honey Baked Plate,1/2 Ham and 1/2 Turkey,
The Honey Baked Plate - Ham,$16.99 ,247-products,,Honey Baked Plate - HoneyBaked Ham,HoneyBaked Ham,,The Honey Baked Plate,Ham,,,The Honey Baked Plate,Ham,
Gluten-Friendly Salad Boxed Lunch - Chef Salad,$13.99 ,515-products,,Gluten-Friendly Chef Salad Boxed Lunch,,,Gluten-Friendly Salad Boxed Lunch,Chef Salad,,,Gluten-Friendly Salad Boxed Lunch,Chef Salad,
Gluten-Friendly Salad Boxed Lunch - Garden Salad,$13.99 ,515-products,,Gluten-Friendly Garden Salad Boxed Lunch,,,Gluten-Friendly Salad Boxed Lunch,Garden Salad,,,Gluten-Friendly Salad Boxed Lunch,Garden Salad,
Gluten-Friendly Boxed Lunch - Smoked Turkey Classic Wrap,$13.99 ,379-products,,Gluten-Friendly Wrap Boxed Lunch - Smoked Turkey Classic Wrap,Smoked Turkey Classic Wrap,,Gluten-Friendly Boxed Lunch,Smoked Turkey Classic Wrap,,,Gluten-Friendly Boxed Lunch,Smoked Turkey Classic Wrap,
Ham & Cheddar Biscuit Box,$29.99 ,403-products,,Honey Baked Ham & Cheddar Biscuit Box,,,Ham & Cheddar Biscuit Box,,,,Ham & Cheddar Biscuit Box,,
Pastry Tray,$1.99 ,55-products,,Breakfast Pastry Tray,,,Pastry Tray,,,,Pastry Tray,,
Coffee Cake Tray - Most Popular,$2.99 ,59-products,,Coffee Cake Tray - Most Popular,Most Popular,,Coffee Cake Tray,Most Popular,,,Coffee Cake Tray,Most Popular,
Garden Salad - Balsamic Vinaigrette,$32.99 ,107-products,,,,,,,,Y,,,
Garden Salad - Most Popular,$32.99 ,107-products,,,,,,,,Y,,,
Garden Salad - Assorted,$32.99 ,107-products,,,,,,,,Y,,,
Honey Baked Plate - Roasted Turkey Breast,$16.99 ,247-products,,,,,,,,Y,,,
Honey Baked Plate - Smoked Turkey Breast,$16.99 ,247-products,,,,,,,,Y,,,
Honey Baked Plate - Assorted,$16.99 ,247-products,,,,,,,,Y,,,
Honey Baked Plate - HoneyBaked Ham,$16.99 ,247-products,,,,,,,,Y,,,
Gluten-Friendly Chef Salad Boxed Lunch,$13.99 ,515-products,,,,,,,,Y,,,
Gluten-Friendly Chef Salad Boxed Lunch - Variety (Ranch & Italian Only),$13.99 ,515-products,,,,,,,,Y,,,
Gluten-Friendly Garden Salad Boxed Lunch,$13.99 ,515-products,,,,,,,,Y,,,
Gluten-Friendly Wrap Boxed Lunch - California Veggie Wrap,$13.99 ,379-products,,,,,,,,Y,,,
Gluten-Friendly Wrap Boxed Lunch - Smoked Turkey Classic Wrap,$13.99 ,379-products,,,,,,,,Y,,,
Gluten-Friendly Wrap Boxed Lunch - Roasted Turkey Classic Wrap,$13.99 ,379-products,,,,,,,,Y,,,
Gluten-Friendly Wrap Boxed Lunch - Ham Classic Wrap,$13.99 ,379-products,,,,,,,,Y,,,
Gluten-Friendly Wrap Boxed Lunch,$13.99 ,379-products,,,,,,,,Y,,,
Gluten-Friendly Garden Salad Boxed Lunch - Ranch Dressing,$13.99 ,515-products,,,,,,,,Y,,,
Gluten-Friendly Chef Salad Boxed Lunch - Ranch Dressing,$13.99 ,515-products,,,,,,,,Y,,,
Garden Salad - Italian Dressing,$32.99 ,107-products,,,,,,,,Y,,,
Gluten-Friendly Chef Salad Boxed Lunch - Italian Dressing,$13.99 ,515-products,,,,,,,,Y,,,
Garden Salad - Ranch Dressing,$32.99 ,107-products,,,,,,,,Y,,,
Chef Salad - No Dressing,$37.99 ,555-products,,,,,,,,Y,,,
Assorted Cookies,$1.99 ,67-products,,,,,,,,Y,,,
Broccoli Bacon Bliss Salad,$2.99 ,83-products,,,,,,,,Y,,,
Broccoli Bacon Bliss Salad - Assorted,$2.99 ,83-products,,,,,,,,Y,,,
Broccoli Bacon Bliss Salad - Serving Bowl,$2.99 ,83-products,,,,,,,,Y,,,
Broccoli Bacon Bliss Salad - Tray Packaging,$2.99 ,83-products,,,,,,,,Y,,,
Broccoli Bacon Bliss Salad - Individual Packaging,$2.99 ,83-products,,,,,,,,Y,,,
Smashed Potato Salad,$2.99 ,87-products,,,,,,,,Y,,,
Smashed Potato Salad - Serving Bowl,$2.99 ,87-products,,,,,,,,Y,,,
Smashed Potato Salad - Assorted,$2.99 ,87-products,,,,,,,,Y,,,
Smashed Potato Salad - Tray Packaging,$2.99 ,87-products,,,,,,,,Y,,,
Smashed Potato Salad - Individual Packaging,$2.99 ,87-products,,,,,,,,Y,,,
Fresh Fruit Tray,$54.99 ,31-products,,,,,,,,Y,,,
Fresh Veggie Tray,$54.99 ,139-products,,,,,,,,Y,,,
Chef Salad - Balsamic Vinaigrette,$37.99 ,555-products,,,,,,,,Y,,,
Chef Salad - Ranch Dressing,$37.99 ,555-products,,,,,,,,Y,,,
Chef Salad - Italian Dressing,$37.99 ,555-products,,,,,,,,Y,,,
Chef Salad - Most Popular,$37.99 ,555-products,,,,,,,,Y,,,
Garden Salad,$32.99 ,107-products,,,,,,,,Y,,,
Gluten-Friendly Garden Salad Boxed Lunch - Variety (Ranch & Italian Only),$13.99 ,515-products,,,,,,,,Y,,,
Gluten-Friendly Garden Salad Boxed Lunch - Most Popular,$13.99 ,515-products,,,,,,,,Y,,,
Salad Boxed Lunches - Chef Salad,$11.49 ,535-products,,,,,,,,Y,,,
Orange Juice Carafe,$9.99 ,351-products,,,,,Orange Juice Carafe,,,,Orange Juice Carafe,,
Orange Juice Gallon,$9.99 ,351-products,,Gallon Orange Juice,,,,,,,,,
Coffee Carafe,$19.99 ,39-products,,Coffee Carafe,,,Coffee Carafe,,,,Coffee Carafe,,
Coffee Carafe - Decaf,$19.99 ,39-products,,,,,Coffee Carafe,Decaf,,,Coffee Carafe,Decaf,
Coffee Carafe - Regular,$19.99 ,39-products,,,,,Coffee Carafe,Regular,,,Coffee Carafe,Regular,
Ham Salad,$2.99 ,91-products,,Ham Salad,,,Ham Salad,,,,Ham Salad,,
Chicken Salad,$2.99 ,95-products,,Chicken Salad,,,Chicken Salad,,,,Chicken Salad,,
Chips - Jalapeno,$1.99 ,159-products,,,,,Chips,Jalapeno,,,Chips,Jalapeno,
Chips - BBQ,$1.99 ,159-products,,,,,Chips,BBQ,,,Chips,BBQ,
Chips - Sweet Maui Onion,$1.99 ,159-products,,,,,Chips,Sweet Maui Onion,,,Chips,Sweet Maui Onion,
Chips - Sea Salt,$1.99 ,159-products,,,,,Chips,Sea Salt,,,Chips,Sea Salt,
Chips - Assorted,$1.99 ,159-products,,Deep River Kettle Chips,,,Chips,Assorted,,,Chips,Assorted,
Ice,$2.00 ,123-products,,Ice,,,Ice,,,,Ice,,
Bagels,$1.99 ,63-products,,Assorted Bagel Tray,,,Bagels,,,,Bagels,,
"Coffee Cake Tray - Specify Type in Notes: Cinnamon Walnut, Blueberry",$2.99 ,59-products,,,,,Coffee Cake Tray,"Specify Type in Notes: Cinnamon Walnut, Blueberry",,,Coffee Cake Tray,"Specify Type in Notes: Cinnamon Walnut, Blueberry",
Coffee Cake Tray - Blueberry,$2.99 ,59-products,,Coffee Cake Tray - Blueberry Coffee Cake,Blueberry Coffee Cake,,Coffee Cake Tray,Blueberry,,,Coffee Cake Tray,Blueberry,
Coffee Cake Tray - Cinnamon Walnut,$2.99 ,59-products,,Coffee Cake Tray - Cinnamon Walnut Coffee Cake,Cinnamon Walnut Coffee Cake,,Coffee Cake Tray,Cinnamon Walnut,,,Coffee Cake Tray,Cinnamon Walnut,
Thank you Certificate - 10 Signature Boxes,$0.00 ,479-products,,,,,Thank you Certificate,10 Signature Boxes,,,Thank you Certificate,10 Signature Boxes,
Thank you Certificate - 8lb Signature meal,$0.00 ,539-products,,,,,Thank you Certificate,8lb Signature meal,,,Thank you Certificate,8lb Signature meal,
Catering Slider (served cold) - Ham and Swiss,$2.29 ,307-products,,,,,Catering Slider (served cold),Ham and Swiss,,,Catering Slider (served cold),Ham and Swiss,
Catering Slider (served cold) - Turkey and Swiss,$2.29 ,307-products,,,,,Catering Slider (served cold),Turkey and Swiss,,,Catering Slider (served cold),Turkey and Swiss,
Salad Boxed Lunches - Garden Salad,$10.99 ,195-products,,,,,,,,Y,,,
Specialty Sandwich Boxed Lunches - Turkey Bacon Ranch Sandwich,$11.49 ,19-products,,,,,,,,Y,,,
Specialty Sandwich Boxed Lunches - BBQ Smoked Stacker Sandwich,$11.49 ,19-products,,,,,,,,Y,,,
Specialty Sandwich Boxed Lunches - The HoneyBaked Sandwich,$11.49 ,19-products,,,,,,,,Y,,,
Specialty Sandwich Boxed Lunches - Tavern Club Sandwich,$11.49 ,19-products,,,,,,,,Y,,,
Specialty Sandwich Boxed Lunches - Assorted,$11.49 ,19-products,,,,,,,,Y,,,
Signature Sandwich Boxed Lunches - Turkey Bacon Ranch Lettuce Wrap,$10.99 ,15-products,,,,,,,,Y,,,
"Signature Sandwich Boxed Lunches - Ham, Bacon & Swiss Lettuce Wrap",$10.99 ,15-products,,,,,,,,Y,,,
"VIP Buffet (Includes Signature meats, chips, assorted breads, cheeses, lettuce and tomatoes, sauces, and a platter of assorted cookies) - Ham",$11.99 ,7-products,,,,,"VIP Buffet (Includes Signature meats, chips, assorted breads, cheeses, lettuce and tomatoes, sauces, and a platter of assorted cookies)",Ham,,N,"VIP Buffet (Includes Signature meats, chips, assorted breads, cheeses, lettuce and tomatoes, sauces, and a platter of assorted cookies)",Ham,
Signature Sandwich Boxed Lunches - California Veggie Sandwich,$10.99 ,15-products,,,,,,,,Y,,,
Signature Sandwich Boxed Lunches - Ham Salad Sandwich,$10.99 ,15-products,,,,,,,,Y,,,
Signature Sandwich Boxed Lunches - Smoked Turkey Classic Sandwich,$10.99 ,15-products,,,,,,,,Y,,,
Signature Sandwich Boxed Lunches - Roasted Turkey Classic Sandwich,$10.99 ,15-products,,,,,,,,Y,,,
Signature Sandwich Boxed Lunches - Ham Classic Sandwich,$10.99 ,15-products,,,,,,,,Y,,,
Signature Sandwich Boxed Lunches - Assorted,$10.99 ,15-products,,,,,,,,Y,,,
Specialty Sandwich Boxed Lunches,$11.49 ,19-products,,,,,,,,Y,,,
Catering Slider (served hot) - Turkey and Swiss,$2.29 ,307-products,,,,,Catering Slider (served hot),Turkey and Swiss,,,Catering Slider (served hot),Turkey and Swiss,
Catering Slider (served hot) - Ham and Swiss,$2.29 ,307-products,,,,,Catering Slider (served hot),Ham and Swiss,,,Catering Slider (served hot),Ham and Swiss,
Signature Sandwich Boxed Lunches - Chicken Salad Sandwich,$10.99 ,15-products,,,,,,,,Y,,,
